,u,v,w,hvelmag,theta,mueff,u'theta'_r,v'theta'_r,w'theta'_r,u'u'_r,u'v'_r,u'w'_r,v'v'_r,v'w'_r,w'w'_r,u'u'u'_r,v'v'v'_r,w'w'w'_r,z
0,4.7319729673975255,1.6947657369823974,1.8009143447014616e-09,5.04227007465183,290.93965693519624,0.0,0.00015702260762886542,4.600772918673606e-05,-4.487784987828008e-06,0.36399147998884185,0.06217041876526291,-0.02058767131260743,0.1817404133640914,-0.005589219767770463,0.013160770565544233,0.0630104489696727,0.02310820980248761,0.0004317405203620133,5.208333333333333
1,6.042355691844041,2.1350154418028384,2.5833120162333278e-09,6.427218713562013,290.9397326191355,0.0,0.0002516008737312874,6.812983652878899e-05,-2.9850153958762972e-05,0.6341273523728069,0.12283705302365523,-0.0956386096090498,0.2795983122893743,-0.02674906121494505,0.06406488018510487,-0.047443297576370586,0.02252980698125906,0.002073257892037741,15.625
2,6.494160384201149,2.2745846364743456,2.7193591834029405e-09,6.901037799239435,290.93989022033134,0.0,0.00030714876852449,7.628528357912633e-05,-6.321713837738155e-05,0.5942666889434561,0.09742371730785215,-0.10490899840537887,0.3050757358977419,-0.026719521497996588,0.11018660638391499,-0.05432252000429575,0.012292059724790826,-0.0017319067271782905,26.041666666666664
3,6.835105878035478,2.3744510683791296,2.3471829756078664e-09,7.254858568811503,290.93999324677463,0.0,0.0003527374944222301,7.94817568233161e-05,-9.740582800763002e-05,0.5623148917989631,0.08243018955447512,-0.11647085142802313,0.29692945606232196,-0.028871572333047466,0.14166724516254037,-0.06320898408647972,-0.00027523903927873075,0.00019110241867914817,36.45833333333333
4,7.024397811057441,2.4214217289928888,1.731749513291071e-09,7.448006975764917,290.9401805811933,0.0,0.00038378485671335393,7.940913007440094e-05,-0.0001334201321449562,0.4990363535177648,0.06440808048977,-0.11111560799145653,0.28178948109798524,-0.024951352503062962,0.1551971730911434,-0.05239030601538346,-0.004003219501932375,0.004085322858252898,46.875
5,7.224787633964931,2.4720554395096976,9.494731820753392e-10,7.653025256808509,290.94031273948286,0.0,0.0004167099673540368,8.08879694665657e-05,-0.00016277452572457468,0.47238332067290456,0.055194403774874265,-0.11368246225599392,0.27071911979380897,-0.024038237408198375,0.16174102352821149,-0.045208901363836845,-0.005552482912926962,0.006526459844986128,57.291666666666664
6,7.363899909895218,2.501313122971346,1.8306961963437343e-10,7.79330799835532,290.9405090724757,0.0,0.00044437152450010946,7.679785134727718e-05,-0.00019940662612914843,0.4350309583064604,0.044014913980413,-0.10946549872495918,0.2586221423230155,-0.020903519297368767,0.16516361273762942,-0.03906739526697048,-0.004776065880765546,0.008101757809323554,67.70833333333333
7,7.515956617411671,2.5335374599926808,-5.372774258270155e-10,7.9469209912681285,290.94068441247464,0.0,0.0004799951387867815,7.515883036203903e-05,-0.00022916166954698588,0.4208746757095871,0.039689008327059995,-0.10998591587128498,0.24981782093595187,-0.01960190963294368,0.1664595643186434,-0.034301772098879274,-0.0038843753724571444,0.009085154602693407,78.125
8,7.635063052234819,2.5555659481684354,-1.0527628846819639e-09,8.06620856862501,290.9409036865693,0.0,0.0005107902346358492,7.150212959755787e-05,-0.0002639933284902287,0.39709602207199596,0.033529221921232005,-0.10652110337219786,0.24138429191964328,-0.017070660411694995,0.16611051922091466,-0.03144040185118275,-0.0030628115588534986,0.009710430598714091,88.54166666666666
9,7.76323689458496,2.5785377252568678,-1.5091057054712991e-09,8.194559304705901,290.9411261934329,0.0,0.000548116395261921,6.912180064109199e-05,-0.00029312884018872033,0.38407295358483784,0.030268861041623088,-0.10594366316526914,0.2358937325583493,-0.015510834400950631,0.16463545920195485,-0.030107248812043255,-0.0023754802493703825,0.010257024614173044,98.95833333333333
10,7.86978886154288,2.5961079124750843,-1.9651783667101865e-09,8.30070118471631,290.9413772799695,0.0,0.0005827818554402592,6.222093876542709e-05,-0.0003259841676766925,0.36715421580049823,0.025976248041949264,-0.10294374878118284,0.2286551969306581,-0.013356162782470626,0.1622337401982134,-0.030695955227469065,-0.0020945566879826977,0.010655113818436574,109.375
11,7.980262907761881,2.6120700052571233,-2.512553496269464e-09,8.410149444598936,290.94162909441104,0.0,0.000622791308730872,6.398848951153225e-05,-0.0003566718246293976,0.3581749439631225,0.02421753660514155,-0.1016824252759081,0.2227956709591792,-0.01173915451894119,0.15954893786726682,-0.03189470383378009,-0.0034444570640293623,0.010833745581596737,119.79166666666666
12,8.076500846250699,2.624348542146857,-2.970857131452098e-09,8.504996772040949,290.9419030961793,0.0,0.0006533518722363692,5.763833907652755e-05,-0.0003891830663198705,0.3442024502699309,0.021289299720816186,-0.09906473069951673,0.21681865277599652,-0.00983321689864997,0.15704543200241258,-0.03057566101059503,-0.004951974426507077,0.010901771550901858,130.20833333333331
13,8.172479641543974,2.6350157026289254,-2.950004615496062e-09,8.599167309002777,290.9421782023436,0.0,0.0006932193628336608,5.327231875090228e-05,-0.0004199189188940345,0.3340846890997496,0.018496157272149635,-0.09741055821303277,0.21074143115807084,-0.00830016043428285,0.15454157144741587,-0.02942776111180567,-0.005099472703417625,0.010926968286734855,140.625
14,8.259926149421522,2.640803977773281,-3.6808036951998352e-09,8.683828290137086,290.9424832141767,0.0,0.000726464215231796,4.330055544367873e-05,-0.00045173403614702214,0.3212095195066274,0.015704680302671227,-0.09478382759696401,0.20568813479237372,-0.0065539795547466025,0.15192530648850533,-0.02880516426298906,-0.005320741167307459,0.010925525939663632,151.04166666666666
15,8.345623105365766,2.645048016380879,-4.602164661443799e-09,8.766364065559781,290.9427948983297,0.0,0.0007697148358218414,3.3165789167330095e-05,-0.0004822215797162444,0.3139524560122564,0.01341606160950906,-0.0929494433526025,0.19939715078160714,-0.005109319351425097,0.14895094484041105,-0.0278465780231355,-0.004965234876703496,0.010830740209186531,161.45833333333331
16,8.425354170600333,2.6460454948536403,-6.2928525850481445e-09,8.84234016467604,290.94313944201406,0.0,0.0008141784261761689,2.3859014171567623e-05,-0.000513913311359732,0.3045300912503515,0.012009168655426953,-0.09030998259914273,0.1945481638317377,-0.0035628735765397077,0.1459273237923775,-0.026818486634734545,-0.004205570761048414,0.010816856379417901,171.875
17,8.504770844727787,2.6480830006678877,-6.558049356337115e-09,8.918417345307176,290.94349720900806,0.0,0.0008616751490685108,7.1533574368432714e-06,-0.0005444678843965698,0.29869500241252583,0.009640964390269338,-0.08829509451898224,0.1891859131926438,-0.0020544770309518577,0.14283422995767528,-0.026004355077302296,-0.004008459775433964,0.010948851897536888,182.29166666666666
18,8.582133330504204,2.6467505012910846,-6.89820787498809e-09,8.991620635548008,290.9438856485734,0.0,0.0009076219977997949,-1.0366293485659991e-05,-0.0005753392698038981,0.29023638619923914,0.008210320435559108,-0.0857652117576704,0.1850457448761545,-0.000572849285889439,0.13971765246481235,-0.02550988558805206,-0.003538788309601887,0.011094407115055207,192.70833333333331
19,8.658421878882988,2.646996573431247,-7.119610166200969e-09,9.064399761717969,290.9442842865922,0.0,0.0009558652038950774,-3.1069368254045025e-05,-0.000606010940764214,0.2830247271749163,0.0056843310956132325,-0.08361035772522284,0.18155188826948565,0.0007152677408078748,0.1364683958633448,-0.024456080516880904,-0.003441081472651693,0.011165632765451742,203.125
20,8.733811293001306,2.6434657976828704,-7.239377610868588e-09,9.135217375361245,290.94471228282225,0.0,0.0009957490195872283,-5.006556510648222e-05,-0.000636480001860095,0.27403411640889624,0.0037978214941027785,-0.08110175198371702,0.1773613511131641,0.0021715186832151553,0.13301151179951373,-0.02392215784866688,-0.002883071780613789,0.011157639619998048,213.54166666666666
21,8.807609709024774,2.640813914147655,-7.368924497100561e-09,9.204841041669546,290.945173113543,0.0,0.0010367425354500413,-7.00479424467932e-05,-0.0006670019426220931,0.264811362452168,0.001856107677349588,-0.07872492187071584,0.17319730018189983,0.0032503539371943353,0.1296360047071128,-0.023829736489929573,-0.0030498324192318616,0.011077730723933499,223.95833333333331
22,8.878710654490911,2.6357833276942855,-7.423857732733941e-09,9.271258748960143,290.94565968060255,0.0,0.0010704063875354773,-9.088307740738636e-05,-0.0006969547876306006,0.2549515231477157,0.00048805430925416354,-0.07627821439979945,0.1692001345786639,0.004582714527449279,0.12649684999787186,-0.024283663303428283,-0.002820651864471479,0.010994895090312042,234.375
23,8.949147479582761,2.6287858650684788,-7.494729644075427e-09,9.33652498349241,290.9461701329105,0.0,0.0010999416261490297,-0.0001097513934653405,-0.0007275042019591325,0.24550824734343316,-7.679997761469145e-05,-0.07376601867327931,0.16504238040293825,0.005642305636419288,0.12343656956924419,-0.024899459865512966,-0.0023456455763917897,0.010915554692894886,244.79166666666666
24,9.017140160744114,2.619119853668127,-7.41130826515232e-09,9.398794372665122,290.94670805319134,0.0,0.0011265139365293842,-0.00013264860205334242,-0.0007575877636539203,0.23678933915287043,-0.0007591482015454761,-0.07140942620153862,0.16090107784798172,0.006784100558926276,0.12031218042090051,-0.026143470331361062,-0.001866910257094777,0.01081909402728149,255.20833333333331
25,9.085222286111577,2.6084588337758747,-7.443091531258518e-09,9.460985995612994,290.9472885737053,0.0,0.0011564052063828935,-0.0001580597325069784,-0.0007881249833548973,0.2282993520541297,-0.0010215130136321932,-0.0689224628092191,0.1575426513297399,0.007770005363659145,0.11696694250316793,-0.024989889193180254,-0.0017353497752952524,0.010632585867157679,265.625
26,9.150135403689205,2.5967097372931254,-7.655896114459384e-09,9.519878788495697,290.94789751520045,0.0,0.0011847641366423817,-0.0001844887749799222,-0.0008177571569561807,0.21963476059136025,-0.001862827527150418,-0.06644639880342619,0.15287074673148726,0.008762028844107773,0.11346994199097413,-0.024424339257625282,-0.0009561245719158889,0.010409819545317158,276.04166666666663
27,9.216838810032616,2.5852330089095212,-8.178397433664998e-09,9.580678571400602,290.9485644757181,0.0,0.001223921504426376,-0.00020787621368563596,-0.0008486758827803754,0.21243071110827738,-0.0027900776729342506,-0.06406275303347653,0.14850109974977027,0.009633066821307157,0.11006249398750062,-0.023309759700292695,-0.00038006260896418655,0.010222201202230984,286.4583333333333
28,9.28074920022603,2.5723844161463214,-8.724578805420804e-09,9.638504538204371,290.94926512103126,0.0,0.0012543611124497458,-0.0002386190870915806,-0.0008789154279957963,0.20413760156635288,-0.0041515454704298335,-0.06143858936228345,0.14378719931932418,0.010423522505321114,0.10679105329854564,-0.02317638442288993,0.00023117877124642674,0.010007027325776552,296.875
29,9.34495743794063,2.5595454505854067,-8.67819404044864e-09,9.696695163450427,290.9500162326749,0.0,0.0012994330581068965,-0.00026901019702495535,-0.0009091619774239333,0.19757232902198535,-0.005389683730604505,-0.05909970008748956,0.13857985827842442,0.011072120632141276,0.10338457875109416,-0.02241281508847631,0.0009689735507739586,0.009775022084756632,307.29166666666663
30,9.40770142366923,2.5438109213283804,-9.859978838594937e-09,9.75283419048295,290.9508288618445,0.0,0.0013405213126256945,-0.0003055966618084214,-0.0009397669251536974,0.1907178175011215,-0.006926509065546446,-0.05645492969188772,0.1336674315855904,0.011683318219284873,0.09969171870237555,-0.0219832539577894,0.0012115490308144126,0.009524670036654123,317.7083333333333
31,9.469319496200653,2.526874472990966,-1.1328792685431012e-08,9.807666500927198,290.9517093376423,0.0,0.0013931968887515795,-0.0003400824460193453,-0.0009697040390407773,0.18423647721016453,-0.007730645782736893,-0.05404019919031805,0.12878676083427712,0.012184025025155828,0.09591457376472627,-0.021300792221230182,0.0012277646823055982,0.009297276126051154,328.125
32,9.528562114716726,2.508431689076344,-1.4118166487380686e-08,9.85995315940647,290.9526484057756,0.0,0.0014412869401150962,-0.00038779825172245827,-0.0009998064968765974,0.17802250226033833,-0.008893868899452047,-0.05152661880784836,0.12418451941391605,0.012636310319010486,0.09222284567073305,-0.021582341165957208,0.001633288859236752,0.009055762839100529,338.54166666666663
33,9.587805316046293,2.489599667492312,-1.4693363113919684e-08,9.912262300949708,290.9536681374358,0.0,0.0014983167130191248,-0.0004417746847975446,-0.0010304175113104482,0.17156895377037285,-0.010103840485773844,-0.04912128634626202,0.11979243398074389,0.013069449670011241,0.08863019572830509,-0.021212697829149647,0.00264744730633971,0.00875911077276229,348.9583333333333
34,9.645494514499399,2.468717782694957,-1.5355089319121846e-08,9.962719513557774,290.9547599667175,0.0,0.0015525029499009494,-0.0004925549496762347,-0.0010601453755400678,0.16604573570565906,-0.011563961898871237,-0.046617968382941306,0.11620685563891185,0.013442020390009227,0.0850859455522686,-0.021159024302980334,0.0038433359883789675,0.008394670494217589,359.375
35,9.703946284401232,2.4483301374999216,-1.5764700175291096e-08,10.014136383533923,290.95592267142825,0.0,0.0016124927025711082,-0.0005445055477601845,-0.001090963093299998,0.15894979586636634,-0.012423564210531797,-0.04429555163618764,0.1125847637668475,0.013720738558778894,0.08148987781787925,-0.019999218106846146,0.004221889667169774,0.007951529793325989,369.79166666666663
36,9.762897020427932,2.426232551625114,-1.6013300585889482e-08,10.065775242170004,290.95721797253543,0.0,0.0016656331023339117,-0.0006135448150667139,-0.0011189390646779498,0.15306959379691684,-0.013146248519957505,-0.0418244070648645,0.10964775700851137,0.013958526859492698,0.07780282545573035,-0.019788550391854565,0.005376229949310042,0.007466515527259701,380.2083333333333
37,9.822583128695436,2.404058832504542,-1.6162159784179675e-08,10.118221801685252,290.9586457549437,0.0,0.0017210447800548746,-0.0006916840919365977,-0.0011473550372341882,0.14614473901485034,-0.013469426725704106,-0.039476023031969745,0.10659985924797274,0.014072105598129908,0.07411435495779697,-0.01912833649982667,0.005776591302111897,0.00700157033823176,390.625
38,9.881671193418386,2.3785586992311374,-1.6221774054168245e-08,10.169461628894414,290.96025985848985,0.0,0.0017770257528407676,-0.0007853455257069069,-0.0011742664148874352,0.13907667699543116,-0.013749320383417201,-0.03706056894094623,0.10411980379755124,0.014161908699748522,0.0705521629866683,-0.018136328107528004,0.006206036509434692,0.0065749433722149826,401.04166666666663
39,9.940869837124,2.3511887761558508,-1.6229086479134027e-08,10.220500101616675,290.96202757652264,0.0,0.001834213250756489,-0.0008828554918087334,-0.001199983253321542,0.1323469421657078,-0.013640256060486761,-0.03473427292068205,0.10124572005118004,0.014128427332364463,0.06714419443305741,-0.017582478464876483,0.006559744621332925,0.006162707946033636,411.4583333333333
40,9.999296275847945,2.320714456161683,-1.6145176041599462e-08,10.270246926623415,290.96399862611196,0.0,0.0018956120604646108,-0.0010017422295569864,-0.0012261046801147622,0.12609445095352345,-0.013596928899110995,-0.03237675604993268,0.0982705316274551,0.014090057683299757,0.0638109969078244,-0.01688938338446405,0.006942319109387879,0.005772910731411472,421.875
41,10.058445984648854,2.2873130151587513,-1.605399563272658e-08,10.320205498905562,290.96618185534277,0.0,0.0019533073110517426,-0.001120600836591329,-0.0012500018281456316,0.11954111774966306,-0.01412709318860951,-0.03003441944171144,0.09454599008262306,0.013977428852672414,0.06041967269260175,-0.01597881933293152,0.0069643800539840855,0.005409576882018385,432.29166666666663
42,10.116192241605267,2.2510281303282254,-1.598783843692638e-08,10.368378618569311,290.9686369196272,0.0,0.0020436423646851823,-0.001265815813993453,-0.0012741727933471946,0.11430064231707757,-0.014862104069822687,-0.027665505216799655,0.09079559146131155,0.013851651845567633,0.056924637763634385,-0.01517829660038783,0.007147301001944818,0.0050411372805272215,442.7083333333333
43,10.174480515344213,2.2117750750994745,-1.5989837568320234e-08,10.416673686479642,290.97145819012957,0.0,0.0021333100313410775,-0.0014421050979902435,-0.0012953842978843542,0.10832311998685225,-0.0157717128598312,-0.02536175193025642,0.08702747347990666,0.013603336055725158,0.05340545617895823,-0.014889827702312135,0.007071268154624316,0.004644516261858471,453.125
44,10.23174202698104,2.169368206053584,-1.602424707469544e-08,10.463585858674069,290.97468548406056,0.0,0.002240701779667646,-0.0016590314486826933,-0.001315190543114214,0.1023092171640457,-0.016415578452372088,-0.023025128614516034,0.08391436980787875,0.013357411450193406,0.04990600008090866,-0.014720957711168272,0.007366328410658631,0.004223313502057053,463.54166666666663
45,10.28899026302591,2.122076808834996,-1.5968620441279324e-08,10.509776547733411,290.9784069579098,0.0,0.002375916163824995,-0.0019216635603450042,-0.0013321145694066986,0.09579706217709162,-0.017048139826706214,-0.0207619529035656,0.08100838144758864,0.012960119399894183,0.04646653930336293,-0.013494750315472962,0.0074317795206889055,0.0037569478349479117,473.9583333333333
46,10.346932371876242,2.0688784411864973,-1.6168434825257893e-08,10.555841813083578,290.98275982929306,0.0,0.002516143293986584,-0.00223756357640474,-0.0013449054564011631,0.08919268869968247,-0.017514858521672373,-0.018565992933333213,0.07886682469998846,0.012547638868435646,0.04306001357255194,-0.012362864764072405,0.007436320798493312,0.0032832286469724743,484.375
47,10.405391710909969,2.0096332436419706,-1.6437261023608685e-08,10.60164112820477,290.9879112485165,0.0,0.0026280530760302775,-0.0026146997370674364,-0.0013552589942453053,0.08258935936762672,-0.017933001330485906,-0.016425246134810653,0.07656203648979444,0.012023784113356749,0.0397680298598268,-0.011157069888422399,0.007563359167002665,0.0028306513154814075,494.79166666666663
48,10.463229478206785,1.9439596924405618,-1.6946472523727393e-08,10.646147940169772,290.99407993864196,0.0,0.0027373243561119856,-0.003137030661120862,-0.0013587546812330559,0.07586747815529388,-0.018391585614364655,-0.0143587176305588,0.07512369888381835,0.011392172556391815,0.03661274613308094,-0.009949463914569863,0.007661727565817669,0.002381816841129932,505.2083333333333
49,10.520139695668822,1.8691782481813533,-1.6951240548839466e-08,10.688659362388169,291.00146221424126,0.0,0.0028020108710363812,-0.0037354951703069367,-0.0013549240987507263,0.06933092358971857,-0.017727481341286915,-0.012385587416401802,0.07369100552366845,0.010702833829333722,0.03363142174057159,-0.008887100566190834,0.0077694342716721635,0.0019378847412037609,515.625
50,10.574472083988153,1.7838192919698996,-1.691798630021947e-08,10.727591267082335,291.0106520161338,0.0,0.0028916169497494653,-0.004517342617640301,-0.0013379683058521573,0.06355724776161545,-0.01778240381790497,-0.010525258875053322,0.07350787607572738,0.009868350157473595,0.03088010276943081,-0.007818010927064552,0.008213339049809509,0.0015221265234327997,526.0416666666666
51,10.62700502978205,1.6848260226779694,-1.6719453381495375e-08,10.763402256362907,291.0220777193064,0.0,0.002957852287892747,-0.005495598989725791,-0.0013097779945087879,0.057310113757317385,-0.017145451417044485,-0.008801878832505413,0.07326238529959264,0.009019006726075782,0.02847025320527089,-0.006741460185890669,0.008156566950821348,0.0011449449893381986,536.4583333333333
52,10.67382984969534,1.572935787483168,-1.6513995914817255e-08,10.792758057566267,291.0364291191918,0.0,0.002939214783889102,-0.0067795924449066906,-0.0012674452311811273,0.050807020049218984,-0.016306916581994613,-0.007141859735632161,0.07373499657161976,0.007950375453989394,0.02652056432346881,-0.005542081065476524,0.007821366852588524,0.0008162938244218564,546.875
53,10.716342821571489,1.4441072180736971,-1.6190065126302402e-08,10.816848802763463,291.0545810350917,0.0,0.0025993147975847345,-0.008369716928577351,-0.0012023859659341567,0.04397853242510201,-0.013832392605047181,-0.005696460161365626,0.07455873733247304,0.006958620221625559,0.025119761200424414,-0.004556046418636192,0.007187655026695302,0.0005250640321499991,557.2916666666666
54,10.744156181949268,1.2975986128614352,-1.5958522496306347e-08,10.825869882435914,291.0776491164625,0.0,0.00178212960408376,-0.010297904432549913,-0.001117280441090893,0.03695612692309496,-0.009575173674202388,-0.00437527047941127,0.07581774746644684,0.00579357206429127,0.024220427406579047,-0.003174052017743721,0.006881319536685693,0.000279041471935254,567.7083333333333
55,10.755557379918779,1.1352881669919122,-1.5659540608260178e-08,10.818951855577073,291.1063420896055,0.0,0.0003407699077561448,-0.012458671609663276,-0.0010055112225353284,0.031080651688846953,-0.0035856159092760593,-0.003315576498748423,0.07717365921050125,0.004709702775281424,0.023764321084401956,-0.0019528440954101219,0.006989737285969791,8.407977557437852e-05,578.125
56,10.740943616305122,0.9567051969462536,-1.5676300722821882e-08,10.786960558895153,291.14208210683336,0.0,-0.0019062246330081424,-0.014366441072740991,-0.0008613857760222673,0.027767117023800598,0.004472571964230849,-0.0024438995607677263,0.0751521647088079,0.0036276132766697652,0.023659766603277472,-0.001141487890665845,0.0080604435027881,-3.966806101762633e-05,588.5416666666666
57,10.696549259621989,0.7702029697758497,-1.5496377011022965e-08,10.727443084312911,291.18605815494755,0.0,-0.004920139880473266,-0.015793914077445303,-0.0007019593923811079,0.02758438313816572,0.01311894987552572,-0.0018471009386219722,0.06960554253066494,0.002616921747850846,0.023759558115592147,-0.0009028209506431341,0.009686520238542825,-9.871794513704081e-05,598.9583333333333
58,10.617512039896745,0.5851079516008589,-1.4989174024279454e-08,10.63626608414099,291.23930022642435,0.0,-0.008392659919369813,-0.01599846841352744,-0.0005292313411444171,0.030200994871900807,0.019436044731206793,-0.001444754554828433,0.05776554045414513,0.0018286901172280762,0.02388914070138707,-0.0009501184525329714,0.010424812977566804,-0.00010690967265472383,609.375
59,10.50633023535447,0.41810825391446144,-1.3933510245119424e-08,10.516540047519008,291.3030666734494,0.0,-0.011536496698058979,-0.014457692769440342,-0.0003765689721542542,0.03312024131531884,0.02032357770936967,-0.0011758630422202434,0.04114803867618966,0.0012005645673289571,0.023760583130807325,-0.0006383092985607818,0.008551188060145485,-6.560669868928813e-05,619.7916666666666
60,10.376540300116831,0.28222033233906646,-1.28574587469575e-08,10.381533799440911,291.3778557099189,0.0,-0.013498712211925886,-0.011377231375663238,-0.0002566854431783743,0.03295216917632922,0.01542664173006552,-0.001007645390837856,0.02482064372689007,0.0008186897649694547,0.023173780050100505,0.00036262427017142644,0.004982487604780004,-8.362463777094754e-06,630.2083333333333
61,10.24761710364865,0.18750233975873096,-1.2916723925525257e-08,10.249965522329694,291.46487631043783,0.0,-0.013451818823874771,-0.007371493620799824,-0.0001857515830433095,0.028302124319953163,0.007574627863393306,-0.0008577271377890982,0.013286829038056832,0.0005938737454545214,0.022161892632169295,0.0010633634114440964,0.0019520586054927703,3.6380591585689575e-05,640.625
62,10.14004226925122,0.1288848822804158,-1.0779235088384317e-08,10.141237822823696,291.56440263066884,0.0,-0.011317188791617878,-0.00376076857787787,-0.00016267739345634017,0.021162699805391524,0.0014720189966571171,-0.0007282473394721741,0.007681327503041014,0.0004669393568945305,0.020930771451317942,0.0009605766762229353,0.0005029573605270414,6.523485182208327e-05,651.0416666666666
63,10.063738515604616,0.09406604931076157,-8.127202549384063e-09,10.064467644184253,291.67413248965204,0.0,-0.007758292381232469,-0.0013616958420479643,-0.00015214883081647476,0.015066010630495707,-0.0014016024586086567,-0.0006118785097983613,0.005791876025120302,0.0003872701025173695,0.019712521785957025,0.0003875334899494631,9.092952419142246e-05,8.362476520864009e-05,661.4583333333333
64,10.020777088206406,0.06878096517199386,-3.1751230317803087e-09,10.021278917334357,291.7864068934145,0.0,-0.0041854065517305,-0.00024255578113943947,-0.0001320377577289071,0.011376209403443794,-0.0020664102924581236,-0.0005110031124417622,0.0052846413329650545,0.0003312004160535051,0.01860924514368974,2.4174771514726284e-05,2.3653059144623547e-05,9.304860205262411e-05,671.875
65,10.003905400693082,0.04589789842130424,-2.300267967523517e-09,10.004265795894,291.889513752249,0.0,-0.0019513469871667005,0.00038843405590212863,-0.00010091287740018721,0.009880387908673054,-0.0020470714838534106,-0.00043295486239484503,0.005069381515385106,0.0002912737935369037,0.017575115038695605,-6.0432866029196876e-05,1.5638757159874456e-05,9.297084568533938e-05,682.2916666666666
66,10.002166814256121,0.0261375629180387,-1.3628176365830772e-09,10.002451759461215,291.97660536381284,0.0,-0.0011955792831975206,0.000969243425839421,-6.226122042065457e-05,0.009250685547196805,-0.0019481731176737664,-0.0003787324919837224,0.004993483523090962,0.0002552044944175336,0.016501097994158068,-3.763877831803363e-05,9.718094071372536e-06,8.544444722145901e-05,692.7083333333333
67,10.00596412072418,0.012122234038536584,-9.752576750144888e-10,10.006219828124419,292.0479040805328,0.0,-0.001081659034083078,0.0013843626002724091,-3.261164630401573e-05,0.008989339301681514,-0.0019618653088812406,-0.00034792283207117674,0.004959859076825032,0.00022672144902968622,0.01533148230666872,2.5038988999595798e-05,-3.4586907116135084e-06,7.321191581255596e-05,703.125
68,10.009895883293924,0.004008127985692011,-8.852023722305407e-10,10.010141065279909,292.10509304838627,0.0,-0.0009716945449933376,0.0014303032629542616,-1.5282132308288027e-05,0.00886136840737995,-0.002083270745810034,-0.000335387114307257,0.004890906109511413,0.00020131819676994937,0.014101875481918604,8.900891023260915e-05,-2.1013618433851943e-05,5.841893129484551e-05,713.5416666666666
69,10.011839924124551,0.0004221875962494384,-9.696103118593435e-10,10.012075841020634,292.15162289007225,0.0,-0.0007642601882608327,0.001242410429649976,-3.2896804174455516e-06,0.008634283090974637,-0.0021744419750875446,-0.00033721933663431026,0.004726764744469908,0.00018337234603502648,0.012905786104657343,0.0001292947230531521,-3.572379582358319e-05,4.2637982106431246e-05,723.9583333333333
70,10.011890630909509,-0.0008815028611763462,-1.1407151215407498e-09,10.012113478820508,292.1910218879794,0.0,-0.000545398108834131,0.0010031973266544057,5.02044171390467e-06,0.008239496543566873,-0.0021628514907175963,-0.0003475012659595641,0.004466296725906206,0.00017095760255943885,0.01182858348268058,0.00014839671105672,-4.1322551667214516e-05,2.76710261242126e-05,734.375
71,10.01094873966915,-0.0013166898013459718,-1.3439572871614372e-09,10.011157360753156,292.2263690331864,0.0,-0.00036522062148166363,0.0008064609681026634,9.79279472108691e-06,0.0077494134143204566,-0.0020653255892191754,-0.00036185433061658044,0.004180538494737618,0.00016321505698305846,0.010913631026750626,0.00015395058319565442,-3.991697626955647e-05,1.5508290364364068e-05,744.7916666666666
72,10.009868682547001,-0.0013986403759219587,-1.5718910875328922e-09,10.01006434721389,292.2596445346733,0.0,-0.00023603902426644154,0.0006646221916480318,1.1945877661564129e-05,0.007271473004412671,-0.0019243066023269422,-0.000377411115497248,0.003920369290601692,0.0001575038283689101,0.01016452812233452,0.00014977403148065072,-3.7161843550047765e-05,7.267893981523308e-06,755.2083333333333
73,10.009003541883077,-0.0012382599256766393,-1.7788943744779998e-09,10.009187990160806,292.2920069257906,0.0,-0.00014765291808720014,0.000561783957049247,1.119315358773658e-05,0.006881099789825351,-0.0017628860665019558,-0.00039176367638678084,0.0036952509419958543,0.00015347988310584302,0.009561908706474075,0.00014090463588617517,-3.4672693206659835e-05,3.0179845164778226e-06,765.625
74,10.008497611420847,-0.000977889702292936,-1.9429019192602915e-09,10.00867205440665,292.3240012828766,0.0,-8.138789437536981e-05,0.0004788708388910415,8.439463728487622e-06,0.006609694869393349,-0.0016006551116538007,-0.00040322963515517857,0.0034943750537294355,0.0001511913324639924,0.00907981518073994,0.00013342536884108626,-3.196198118808554e-05,2.132954946903691e-06,776.0416666666666
75,10.008153766361632,-0.0007337169937435854,-2.055244264209822e-09,10.008319120240401,292.3559654572548,0.0,-2.18066982731913e-05,0.0004064894265021884,4.551652056487773e-06,0.006427274081389568,-0.0014459106747329925,-0.00041166854188311565,0.0033116117671225737,0.00015025273269438286,0.008692839297596172,0.0001282190779869376,-2.7814898300788608e-05,3.6277236837821333e-06,786.4583333333333
76,10.007755653873456,-0.0005742003490341027,-2.1245855094242836e-09,10.007912870978613,292.387938923071,0.0,4.011908607072116e-05,0.00034798573481148557,2.774140223850664e-07,0.006268082665252566,-0.00130023316911048,-0.00041712222933307713,0.003147828322086895,0.0001501092599646937,0.008378370531542487,0.00012161762810045302,-2.2994023450985874e-05,6.584704525883087e-06,796.875
77,10.007320903526251,-0.000534612317322844,-2.1852469236545497e-09,10.007471225760357,292.4198149157281,0.0,9.912104477183837e-05,0.0003060061499830151,-3.81032118744642e-06,0.006085938195104361,-0.001185218899654573,-0.00042119931763475485,0.0030091579612966167,0.00015019517129685918,0.008118093368245503,0.00010736020732499394,-1.8565105916671734e-05,1.0021687735190861e-05,807.2916666666666
78,10.006934949222144,-0.0006474189814619661,-2.201029854946427e-09,10.00707938223796,292.45146148120057,0.0,0.0001451026108211886,0.00027434846367076595,-7.70640380164352e-06,0.005881669232941826,-0.0011208364802975013,-0.00042383568986172304,0.0028909335859364804,0.0001499207492222807,0.007898140077744992,8.521604762851666e-05,-1.5100678416700919e-05,1.279609665037577e-05,817.7083333333333
79,10.00664460561535,-0.0008603716662383142,-2.194078702352065e-09,10.006783927441132,292.4829013945531,0.0,0.00017365775740973898,0.0002454580530605172,-1.1614019425895757e-05,0.0056793898998157046,-0.0011014940014531431,-0.000424154463984777,0.0027884280413509794,0.0001482143142558993,0.007708889192103156,6.356771284742402e-05,-1.2483200536680549e-05,1.3928891119464516e-05,828.125
80,10.00645621202417,-0.0010872109373534571,-2.2209683584288206e-09,10.006590882380896,292.51419636367694,0.0,0.00019056827325687344,0.0002141841403468952,-1.513944268679627e-05,0.005479776649820233,-0.0011001238174684791,-0.0004215054969871819,0.00269508734069832,0.00014563458190487572,0.00754472874884776,4.440839640105721e-05,-1.0306576897114095e-05,1.279728316943364e-05,838.5416666666666
81,10.006259611503394,-0.0011633639437086517,-2.2989352670995426e-09,10.006389482666947,292.54549204825224,0.0,0.00019653217733623475,0.00018353098576688308,-1.8620139357314752e-05,0.005267569041874567,-0.0010859262804702255,-0.00041605832014882674,0.002598745401184503,0.0001438136964759928,0.007402422541545705,2.333878690280822e-05,-8.287547590765907e-06,9.335847644536851e-06,848.9583333333333
82,10.006096744600782,-0.000960231599919074,-2.4081039996531375e-09,10.006221537514074,292.57680019700905,0.0,0.00018526284372404842,0.00015672394146816658,-2.233272009339617e-05,0.005059127686249542,-0.0010528891311643138,-0.0004078869489888261,0.0024970157670221966,0.00014418230664941893,0.007278774382607415,3.810232341507131e-06,-6.62747900744278e-06,4.081645877984023e-06,859.375
83,10.006003525322583,-0.0005345802043754211,-2.5705105593566426e-09,10.006123297732412,292.60818354626116,0.0,0.00015684566227395206,0.0001356964707446155,-2.6353368542076007e-05,0.0048950619652080776,-0.0010078553231649397,-0.0003954899277592327,0.0023963948755370817,0.00014574042003377566,0.0071701970777306185,-7.071498319372854e-06,-5.7930109435823e-06,-2.0438432698720996e-06,869.7916666666666
84,10.00602500472287,-3.486020969151844e-05,-2.754594736342324e-09,10.00614019775716,292.63955763994954,0.0,0.00011694786867375418,0.00012309084310006385,-2.9497362466992245e-05,0.004790401687532757,-0.0009595711415423,-0.0003773761780255618,0.0023042142204049224,0.00014715209976121036,0.007073602817380232,-9.243923794892317e-06,-5.632894577766225e-06,-8.003665044326066e-06,880.2083333333333
85,10.006140707457737,0.00037169415571371373,-2.958659172283731e-09,10.00625215168292,292.6709724063458,0.0,7.008771654777329e-05,0.00011746746293053275,-3.099080558672788e-05,0.004749841777159366,-0.000920094919495194,-0.0003539115051927078,0.0022284537519528845,0.0001481310133261551,0.006986070852274987,-6.618701860081243e-06,-5.6434337888587536e-06,-1.3092569723565238e-05,890.625
86,10.006286320900156,0.0005583519394435288,-3.1566148963129514e-09,10.006394940104633,292.7023663888978,0.0,2.449799078302757e-05,0.00011498135934811183,-3.0460204993949224e-05,0.004775143115202103,-0.0009057359634763269,-0.00032736544929827863,0.002171461754749287,0.0001485125754315199,0.0069045071313265415,-4.905872575566086e-07,-5.366504885770452e-06,-1.7174773802113845e-05,901.0416666666666
87,10.006394768417483,0.0005465428774671519,-3.337364354304507e-09,10.006501047565566,292.73378612115755,0.0,-1.2131058808337436e-05,0.000112271649833787,-2.8473246942450443e-05,0.00485062160829371,-0.0009196759905155982,-0.00030131033836686843,0.002124669045521484,0.00014829744452448464,0.006826805599958422,8.288430784500014e-06,-4.635044964986069e-06,-2.0285535826720314e-05,911.4583333333333
88,10.00642092039962,0.0004955008009180507,-3.5249771906060315e-09,10.006524811680556,292.76511820160357,0.0,-3.503065992017477e-05,0.00010396283281922112,-2.529437319935932e-05,0.004937620772237849,-0.0009418773978179127,-0.0002790741708359036,0.0020771451195074255,0.00014735496739491302,0.006751603729087477,1.6221993576811235e-05,-3.4045391216993817e-06,-2.2188071078387718e-05,921.875
89,10.006363891356115,0.0005092694057191845,-3.7098672052321797e-09,10.006465201021802,292.7964747436195,0.0,-4.2841663135937105e-05,8.608334442128246e-05,-2.113760893585663e-05,0.005017296253978694,-0.0009523704344410087,-0.0002613060628293886,0.0020255595860295328,0.0001453356741935428,0.006676862150346422,2.1947411051336688e-05,-2.391320382776472e-06,-2.262292022985034e-05,932.2916666666666
90,10.006199394262605,0.0006030781498184355,-3.886025519994639e-09,10.006298056209229,292.82781580450353,0.0,-3.5208124905071196e-05,6.148353616850149e-05,-1.613281967614873e-05,0.005094595002798396,-0.0009471064507272443,-0.0002477986986533819,0.0019723711257571943,0.00014330968707965317,0.006600653609088914,2.5657871055596967e-05,-1.590235055179129e-06,-2.1670900264002805e-05,942.7083333333333
91,10.00584418613507,0.0007627870651225863,-4.05772742354811e-09,10.005940220321872,292.8591478757704,0.0,-1.6746156407121645e-05,3.7134450138284835e-05,-1.0607023853123168e-05,0.005149948780142064,-0.0009225904629312681,-0.00023874638007160922,0.0019193291836125284,0.00014168894759558262,0.006523610100639089,2.649816062032455e-05,-1.1375257500973344e-06,-1.9614628909801026e-05,953.125
92,10.005392467786683,0.0009034667032241868,-4.228904509984072e-09,10.005485762866634,292.8903743334272,0.0,5.065346533667736e-06,2.124698462052409e-05,-4.810825772884955e-06,0.005169112506683846,-0.0008847789904268527,-0.00023443770347886847,0.0018640856349191404,0.00014103943451917474,0.006448878238803092,2.1855578784042266e-05,-1.371428812065319e-06,-1.6704595227224237e-05,963.5416666666666
93,10.005004290280125,0.0009393696537649936,-4.393542730775433e-09,10.005094901490464,292.9216183330215,0.0,2.6098245283136036e-05,1.1856005982354125e-05,6.365366146505476e-07,0.005172758976220378,-0.0008514748679477614,-0.0002339043265996978,0.0018103862146772126,0.00014010965836332007,0.006378202644482111,1.2409730414376588e-05,-1.9068173072027713e-06,-1.3063850960181913e-05,973.9583333333333
94,10.004662699160642,0.0008220651425113763,-4.6496028206915824e-09,10.004750987905126,292.95285149583543,0.0,4.209940106349534e-05,4.14114853322697e-06,5.2077767028797935e-06,0.0051628609265094065,-0.0008304958760966203,-0.000235767863024239,0.0017643994737295665,0.0001381585841298386,0.006310431647262207,-1.2986925513119181e-06,-2.2784528042200496e-06,-8.733647721145172e-06,984.375
95,10.004316620429297,0.0006589368880594008,-4.871978405447964e-09,10.004403067363741,292.9841415933169,0.0,4.144812371727049e-05,-4.911777749001525e-06,8.493361893488924e-06,0.005144351061560439,-0.000816494988307042,-0.00023771888934592643,0.0017280848249893311,0.00013585908723710326,0.00624407535774192,-1.7660541976245293e-05,-2.0654336097318077e-06,-3.852384813146669e-06,994.7916666666666
96,10.003929411283789,0.00047955294754202987,-5.371653351087142e-09,10.004014363977511,293.0153946049582,0.0,2.213512927630788e-05,-1.3745743583383079e-05,1.0098697734127547e-05,0.005142607448244979,-0.0008006787466921019,-0.00023654488642425072,0.0016984966853010263,0.00013386309628215726,0.0061788294133212395,-2.9806303720323047e-05,-1.2832706139978701e-06,1.1421463720290203e-06,1005.2083333333333
97,10.003499559794392,0.00041945190915490353,-5.695523340274877e-09,10.003582958881813,293.04660980612374,0.0,-1.402383187320429e-05,-1.7958439687822792e-05,9.535270348931953e-06,0.0051622611822245805,-0.0007756231246636723,-0.00023034095052341247,0.001667219017867604,0.00013215052358903933,0.0061157586448641185,-3.7154085384238874e-05,3.399385063455837e-08,5.4890328263782076e-06,1015.6249999999999
98,10.003183319311633,0.0005815456829248616,-6.008388844419606e-09,10.003265140873392,293.077696660932,0.0,-7.016017164548354e-05,-1.6856983385314856e-05,7.535008712739153e-06,0.005226602975150187,-0.0007372575810417259,-0.00022038743494579287,0.0016352141019118716,0.0001297424749423804,0.0060557358085108195,-3.786123500799401e-05,1.3978414554243016e-06,8.367298003415582e-06,1026.0416666666665
99,10.00313969922987,0.0008733659585367152,-6.3566463216127405e-09,10.00322025374546,293.10875523907146,0.0,-0.0001402735162205706,-9.607787356237118e-06,4.018329117216676e-06,0.005381617676831873,-0.0006952026214877185,-0.00020879591761592103,0.0016094554069168777,0.00012711361453226737,0.00599775326244667,-2.9216847668922904e-05,2.0822859195970462e-06,9.44712752706321e-06,1036.4583333333333
100,10.003461615809172,0.0012395052842500908,-6.706364233319337e-09,10.003541235337437,293.1397378438846,0.0,-0.00020789442112415524,3.1426671747738325e-06,-1.2156362924926496e-06,0.005657869501097517,-0.0006563510736771142,-0.0001948663837422077,0.0015901351927099386,0.00012460453609998098,0.0059403688563485785,-1.4987914735616703e-05,1.8396465456130906e-06,9.225977058567978e-06,1046.875
101,10.004134059779616,0.0016433245250333192,-7.0565632722795015e-09,10.004212901135917,293.17079057327385,0.0,-0.00024948190098539834,1.907525315495911e-05,-7.25940465036061e-06,0.006037599169663779,-0.000619818006256267,-0.00017617123064952932,0.0015735512616112672,0.00012185867837497373,0.005884209044826656,-2.3198107155648755e-06,5.999726317573018e-07,8.525905950647069e-06,1057.2916666666665
102,10.00509116401726,0.002006144741195809,-7.402251727260988e-09,10.005169101150129,293.2019004933469,0.0,-0.00023927379588142253,3.27127189064885e-05,-1.1756833700055205e-05,0.006461578549200751,-0.0005915460834843494,-0.0001524063486828526,0.0015542271072325378,0.00011819723692741679,0.005832585772832465,5.84486863863416e-07,-7.993458198691014e-07,7.891478803498739e-06,1067.7083333333333
103,10.00618021405471,0.002207809202792178,-7.728981759392175e-09,10.006257234300586,293.23327916815754,0.0,-0.0001691655992524665,4.106572038795736e-05,-1.3307754990209983e-05,0.0068356247325672085,-0.0005822898060196336,-0.00012691673307386553,0.0015349976188456513,0.00011250808827149673,0.00578885663489815,-1.0766812242112162e-05,-1.3485703559635485e-06,7.52574419071623e-06,1078.125
104,10.007033113012028,0.002266554741647804,-8.07196312387995e-09,10.007109738818732,293.2648571679164,0.0,-5.242394387880096e-05,4.5038060305898694e-05,-1.1414106395327974e-05,0.007054460676587194,-0.0005873642670527264,-0.00010278021554585212,0.00152672753604737,0.00010502061232674017,0.005753028846243464,-3.124991056074717e-05,-1.1657280305557084e-06,7.432500743843711e-06,1088.5416666666665
105,10.007301893576985,0.002247221329496782,-8.353550460986763e-09,10.00737882521323,293.29661335038764,0.0,7.721837464071991e-05,5.135211154297961e-05,-7.037007553472868e-06,0.007041583578012561,-0.0005975413670716752,-8.332875785116535e-05,0.001532910628281908,9.685259231651199e-05,0.005721685630457202,-5.213094220759618e-05,-7.883662014408733e-07,7.630461814236934e-06,1098.9583333333333
106,10.006867592070984,0.0020987731171860607,-8.548940429193097e-09,10.006945227910965,293.32831839741584,0.0,0.00019120127019882312,6.440017108463263e-05,-1.343341632385247e-06,0.006795867130586514,-0.0006149309951537503,-7.093304606294687e-05,0.001547789214893733,8.956623129281883e-05,0.005690689837524174,-6.573944608880496e-05,-6.791264889708272e-07,8.367215451075823e-06,1109.375
107,10.005929001245889,0.001828453076811238,-8.615270577558109e-09,10.006007230987969,293.3599009377762,0.0,0.0002719689746012523,8.243666830167468e-05,3.7799104559041017e-06,0.006385842491590759,-0.000640898965010188,-6.612494156458908e-05,0.0015608393740951393,8.601012357764948e-05,0.005658880743545955,-6.747717736780425e-05,-6.094097596760619e-07,1.0035005379843092e-05,1119.7916666666665
108,10.004830961383211,0.0015751698369872425,-8.65650960867072e-09,10.00490947072301,293.39121150290015,0.0,0.0003084357738922199,0.00010126356288631455,7.08322056508208e-06,0.00589754359987178,-0.0006730060634737631,-6.663146488540747e-05,0.0015672411300351168,8.700490154501293e-05,0.005629090401665135,-5.626362658317851e-05,2.419439849449843e-07,1.2660143124340264e-05,1130.2083333333333
109,10.003883206835836,0.0014463525274259874,-8.838435130166844e-09,10.003962091583956,293.4223505962851,0.0,0.000295437232467658,0.0001151076235185797,8.229099477801896e-06,0.0054099306954534096,-0.0007112302609485374,-6.773494998837056e-05,0.0015749532831148372,9.18408515675119e-05,0.005604777920333635,-3.5712910630373116e-05,2.418905730720465e-06,1.5770205277997322e-05,1140.625
110,10.003175305723047,0.0014397725946401166,-8.727900645445976e-09,10.00325493158937,293.4533901282199,0.0,0.0002379828563987213,0.00012040967902298329,8.459672245589063e-06,0.00497448049160186,-0.0007470678746181904,-6.632831892962611e-05,0.0015894920926374817,9.887759563198152e-05,0.005585936540025218,-1.4160821474442274e-05,4.943203512329648e-06,1.8716007770030094e-05,1151.0416666666665
111,10.002647291713133,0.0014903211648114494,-8.499297851329379e-09,10.002727797388545,293.4844546317387,0.0,0.00014036795462561087,0.00012010859038578527,8.469896549886648e-06,0.004617578574885189,-0.0007734349189293412,-6.283342202168936e-05,0.0016067229322009344,0.00010644229931284768,0.005568533683670069,-5.409974490677163e-07,6.131899974487252e-06,2.0844482055229873e-05,1161.4583333333333
112,10.00229521479217,0.001570216973564132,-8.074241063287541e-09,10.002376410855113,293.51546352157754,0.0,6.554562044783297e-06,0.00011715358807003255,9.324803479749193e-06,0.0043572147065265516,-0.0007858024909449991,-6.0107651266194374e-05,0.0016202696542317028,0.00011399416729219679,0.005547422324406487,1.0970208254464561e-06,5.53543223205654e-06,2.1669725100733453e-05,1171.875
113,10.002147390352963,0.001638682865912637,-8.020620818529121e-09,10.002229311803287,293.54646937760225,0.0,-0.00014829145089164346,0.00011206939435144982,1.0696055007642261e-05,0.004213100424908298,-0.0007854240940644773,-6.020016638364619e-05,0.0016344630883257391,0.00012087013851264862,0.0055184828306810195,-5.397582252827895e-06,4.3833130192853086e-06,2.0999564089723035e-05,1182.2916666666665
114,10.002364706615673,0.001639855301148931,-7.793980248380158e-09,10.002447909368186,293.57747618784043,0.0,-0.0003006191660525379,0.00010172441670324249,1.2584575599330225e-05,0.0042158676458750625,-0.000781745921411464,-6.392857965727872e-05,0.001659942847064105,0.00012635241041623522,0.005478987613684104,-1.554534761709748e-05,3.613018314860404e-06,1.8976976404111043e-05,1192.7083333333333
115,10.002938597877806,0.0015485633757173962,-7.385756337894974e-09,10.003023778258003,293.6085691208914,0.0,-0.00043087485390231017,8.557233595622229e-05,1.4461237864779422e-05,0.004383809869928513,-0.0007783679442610039,-7.167902272043738e-05,0.0016998249572771197,0.00012958232317087756,0.005427534836722245,-2.7092046504561223e-05,2.546976946243838e-06,1.592053526635148e-05,1203.125
116,10.003794990415527,0.0014123748750008876,-6.973459047624306e-09,10.003882378558778,293.6396767677012,0.0,-0.0005207042169953622,7.395703263563906e-05,1.604132243803031e-05,0.0047089449060146735,-0.0007778051542677514,-8.271344225437397e-05,0.0017447066490153572,0.00013036964095722504,0.005364900129929252,-4.045085523841467e-05,1.2993529544843076e-06,1.2122987027056555e-05,1213.5416666666665
117,10.004864045135305,0.0013588360840837612,-6.332819940917053e-09,10.004953632343566,293.6708447238144,0.0,-0.000559716386656723,6.881102854174703e-05,1.6123190556470913e-05,0.0051417370264528976,-0.0007873271946997716,-9.681347468412219e-05,0.001789388670416023,0.00012912117021012562,0.005295284454010181,-5.730189042317943e-05,8.84357211376269e-07,7.750148246067049e-06,1223.9583333333333
118,10.005921163383071,0.0014155522411291122,-5.802002287913665e-09,10.00601284750133,293.70205824619745,0.0,-0.0005479670442512992,6.551517662529844e-05,1.436387730889861e-05,0.005608373480663702,-0.0008074325139964687,-0.0001131224130690849,0.0018316126549,0.00012652106288473447,0.005225513725868203,-7.342786317427706e-05,1.1753837929479945e-06,2.850125721931768e-06,1234.375
119,10.006767297740847,0.0016081297797176945,-5.155518165226608e-09,10.006860732098996,293.73338411817656,0.0,-0.0004942163315016127,6.227323201391849e-05,1.0946708545762117e-05,0.006040438126312717,-0.000820286565415487,-0.0001284393447764179,0.001866178892842644,0.00012394102249310674,0.005162805297118544,-8.311463983881059e-05,1.610940488059457e-06,-2.5357947829697713e-06,1244.7916666666665
120,10.007389063838858,0.0017680120794251384,-4.911752525339774e-09,10.00748333597211,293.76479440435406,0.0,-0.0004077115999465104,6.304399936520939e-05,7.047964010554926e-06,0.0063850857120513185,-0.0008296435876203332,-0.00013972015675912952,0.001882373542470337,0.00012196516906015704,0.005112613274492926,-8.45269532922515e-05,1.060934820381646e-06,-8.321011188359738e-06,1255.2083333333333
121,10.007758535380725,0.0018670059008693714,-4.310933950615796e-09,10.007852254172814,293.79630746574287,0.0,-0.0003045260908486247,6.764036049350784e-05,3.0812976187034864e-06,0.006618082352535852,-0.0008528535972729481,-0.0001467027562562913,0.001870638540435414,0.00012115300765895528,0.005077384743362484,-7.56731242066518e-05,-8.44649401495216e-07,-1.4216742044280403e-05,1265.625
122,10.007808660029664,0.0018768536946947652,-3.1850211613226395e-09,10.007900754286245,293.82777544656045,0.0,-0.0001971351634057855,6.790593894684472e-05,-7.712146846839247e-07,0.0067191702132041835,-0.0008969390336576417,-0.00014985365460695515,0.0018375698917960045,0.00012155851642580515,0.005058478742769727,-6.058678097798282e-05,-3.1000742685669785e-06,-1.9632482379708546e-05,1276.0416666666665
123,10.00770682806782,0.0017210979101532358,-1.180058154607223e-09,10.00779677604794,293.859143161664,0.0,-0.00010131666529732865,5.642681197445351e-05,-4.5372573434555425e-06,0.006701775629037992,-0.0009500002992155843,-0.0001497080716611567,0.001794737767795411,0.00012401388308252642,0.005057655071454139,-4.584556390855726e-05,-4.924397071332965e-06,-2.3973561115733205e-05,1286.4583333333333
124,10.007710923401163,0.0013768896379335598,8.48525719119897e-10,10.007798716119657,293.8904153354672,0.0,-2.0456581241970572e-05,3.7434261518331975e-05,-7.422284763389251e-06,0.00662332679335226,-0.000995786216907534,-0.0001455421011677505,0.0017527190264071822,0.00012722709072323648,0.005074432609598712,-3.657889995495547e-05,-6.302229088106638e-06,-2.691024905820978e-05,1296.875
125,10.007938429171006,0.0010058910837560683,1.0563982052760603e-09,10.00802423536306,293.92173454962375,0.0,5.0314942185630384e-05,1.4335382830311286e-05,-8.449102553026716e-06,0.006518929036059024,-0.0010278530819545207,-0.00013800265146057773,0.0017142327833271195,0.00012868380219622052,0.005104061121418057,-4.0028443129336024e-05,-7.3159912211455424e-06,-2.8261045397781826e-05,1307.2916666666665
126,10.008274034140696,0.0007686951412971668,4.974809123037023e-09,10.008358090345402,293.95310193614455,0.0,0.00011422177238917526,-9.388134888754072e-06,-7.498286730003103e-06,0.006388798702787375,-0.001031952626908714,-0.00013035105462594056,0.0016799372822749123,0.00012757654837515216,0.0051392759386060735,-5.612752363589436e-05,-7.612630829450431e-06,-2.78856383333921e-05,1317.7083333333333
127,10.008436077258647,0.0006750265418820939,9.65781354170784e-09,10.008518809696854,293.9844764676285,0.0,0.0001729414786871398,-2.6973571769452603e-05,-5.334667869043328e-06,0.006229318624548328,-0.0010097613258810481,-0.0001258533572301499,0.0016537117141730453,0.0001247112519300183,0.005173773857083304,-7.556597506941942e-05,-6.891926887826384e-06,-2.583227141225372e-05,1328.125
128,10.00830094146247,0.0006917375961959198,1.862813462267494e-08,10.008383087653844,294.015802676009,0.0,0.00022690398008153243,-3.704216786354844e-05,-2.2691830264200206e-06,0.00602972962395652,-0.0009786126508749585,-0.0001255285480280191,0.0016419740636758246,0.00012226121079834005,0.005204117815296202,-8.985784870104968e-05,-5.5968499030372176e-06,-2.248699723566294e-05,1338.5416666666665
129,10.007912222832339,0.0008434274050895938,2.0837041606716257e-08,10.007994802445298,294.047077052362,0.0,0.0002698716221420718,-4.542250696436032e-05,9.915339143482342e-07,0.005794843060888845,-0.0009601530018307201,-0.0001286118705033595,0.0016504035887226578,0.00012097904948491823,0.005229051104899216,-9.480243405572117e-05,-4.093150001834321e-06,-1.8440495539635807e-05,1348.9583333333333
130,10.007325436960102,0.0011057362895429375,2.3260609354037802e-08,10.007409033380847,294.0782833626948,0.0,0.0002945695686606555,-5.5644609656160006e-05,4.089890633784399e-06,0.005562546701570257,-0.0009594730026500942,-0.00013436657043818879,0.0016702222721189962,0.00012096524933227627,0.005249325829207433,-8.793545324442197e-05,-2.8184401953238336e-06,-1.4233271093901815e-05,1359.375
131,10.006771729557142,0.001453857479523444,2.497067695015834e-08,10.00685619357471,294.10948629386735,0.0,0.0003014771389488376,-6.612884015932642e-05,6.64257554835616e-06,0.005375172241587916,-0.0009622404919355718,-0.00014127007026567683,0.0016866385918061682,0.00012288685278726648,0.005268062023346487,-6.966693992898533e-05,-2.416574309064522e-06,-1.0324770703194958e-05,1369.7916666666665
132,10.006319467002477,0.0017865413187601452,2.6218062609560167e-08,10.00640438795525,294.1407895502988,0.0,0.00028861310927218365,-7.538743836693149e-05,9.221586376646265e-06,0.0052162379091079784,-0.0009618563909181599,-0.0001493529357261003,0.0016945965865221777,0.0001264998062461455,0.005288452837267525,-4.8693434839321014e-05,-3.3396550824817774e-06,-7.064292035507657e-06,1380.2083333333333
133,10.005911084836395,0.002114203105627423,2.7177515702395154e-08,10.005996027416364,294.17217227477795,0.0,0.0002488512204123026,-8.343462799491977e-05,1.1278302882867713e-05,0.005052974447691555,-0.0009607262155158452,-0.00015926388322228842,0.001693722460734004,0.000131653782624585,0.005311316847028896,-3.37094976588258e-05,-5.455029346567856e-06,-4.5871346372643216e-06,1390.625
134,10.005534249333374,0.0023775569686766153,2.7884542046703525e-08,10.005618426311742,294.2034593776706,0.0,0.0001833215323007217,-8.845593580686672e-05,1.2400039346189924e-05,0.004896386012999663,-0.0009560262197305762,-0.00017041675439597888,0.001677171183914277,0.0001386059715397941,0.0053357478896044926,-2.7370750610860614e-05,-6.99052361508337e-06,-2.7882424490013027e-06,1401.0416666666665
135,10.005286857185325,0.0024841397032209344,2.8406380068358545e-08,10.005369475952973,294.23457718053794,0.0,0.00010015384729635026,-9.003019135205386e-05,1.2738317131127703e-05,0.004775071232535381,-0.0009531563524691251,-0.0001817351897815465,0.0016453657540258185,0.00014625839309644298,0.005360003403712666,-2.8880860200302733e-05,-6.423768929129992e-06,-1.5275375706778209e-06,1411.4583333333333
136,10.005272725339768,0.002414236140197231,2.867727838301594e-08,10.005353642145684,294.265584953588,0.0,1.3423665331814528e-05,-8.959989387464126e-05,1.247667329300077e-05,0.00474584061534405,-0.0009628995149619408,-0.00019327956247536875,0.0016116209526049192,0.0001534883412141014,0.005381365442100694,-3.40342824444457e-05,-4.096674256403331e-06,-7.854269225807742e-07,1421.875
137,10.00554277238898,0.002192381657695744,2.8853305974477887e-08,10.005622554950797,294.2965803700204,0.0,-5.866298262056536e-05,-8.952618773523005e-05,1.1493344445801539e-05,0.004834517410044884,-0.0009837614303726794,-0.00020470377303021407,0.0015900888666072013,0.00015940317941433893,0.005397835347839939,-4.042636081377411e-05,-1.5322031528246824e-06,-5.07421734800693e-07,1432.2916666666665
138,10.005939361471178,0.0018708831127421553,2.9033410875805615e-08,10.006018926579188,294.3276364859057,0.0,-0.00010987644336969842,-8.754950839211539e-05,1.0300597447554545e-05,0.0050169279220831225,-0.0010048000060786846,-0.000215457916160151,0.0015873784008628023,0.0001630495220552917,0.005409881765036266,-4.5028966761479244e-05,2.898713322301843e-07,-5.671618880199579e-07,1442.7083333333333
139,10.006326720264962,0.0015644409611998828,2.928549783437753e-08,10.006406912067499,294.3587393589118,0.0,-0.0001381901593444926,-8.268480626573839e-05,8.68481151624957e-06,0.005250248668980804,-0.0010177900275721815,-0.00022437740201252664,0.0016012841307441056,0.0001644973337282594,0.005419907078064845,-4.4874202096165904e-05,6.567667843319827e-07,-8.671735620243619e-07,1453.125
140,10.00677192048863,0.0013996256943011847,2.9504169191659047e-08,10.006853030860768,294.3898585493347,0.0,-0.0001461175343227433,-7.87579086062124e-05,7.024764400173578e-06,0.005496514565003735,-0.0010106689828786061,-0.00023051529770421085,0.001620317764617411,0.00016365880062629224,0.005430394891674911,-4.247947536617263e-05,-4.185247450997019e-07,-1.3812743580642906e-06,1463.5416666666665
141,10.007293197377127,0.001401193947601336,2.942694124308266e-08,10.007374800129226,294.4210416691837,0.0,-0.00013791823238960246,-7.40468374894428e-05,5.5784856820006806e-06,0.0057426256287806685,-0.0009827293095709597,-0.00023436147744532334,0.001630152503042855,0.00016046862223832362,0.005442387029638147,-4.094590524345889e-05,-1.7809359491718859e-06,-2.1896463151987145e-06,1473.9583333333333
142,10.007798043724184,0.0015088467223020963,2.9777912039921227e-08,10.007879346630618,294.4523354610645,0.0,-0.00011244429707220803,-6.756540746687079e-05,4.5249556406963245e-06,0.005977096311498317,-0.0009366428890246031,-0.00023694458207202917,0.0016238149731497718,0.00015502176115447423,0.005456136644842414,-3.800663192259321e-05,-2.5327165067156055e-06,-3.3174749995715144e-06,1484.375
143,10.008227147173868,0.0015285358137023222,3.02590495337783e-08,10.008307415492146,294.48373504984886,0.0,-6.753108953419378e-05,-5.9720389644394695e-05,3.615688938739976e-06,0.006188199217733937,-0.0008853516587526999,-0.000238727475737766,0.0016029650924836154,0.00014797386959851212,0.005472202914691388,-3.3036273535244036e-05,-1.7813351074435755e-06,-4.5501146922586045e-06,1494.7916666666665
144,10.008439224330246,0.0013679362157035396,3.098610056898775e-08,10.00851818352322,294.51526501379675,0.0,8.885686392867397e-07,-5.0454210679630414e-05,2.8485087923141506e-06,0.006337895206101465,-0.0008451483440896492,-0.00023903300726459118,0.0015770524856924218,0.0001401890146461703,0.0054913241208599155,-3.191430457121279e-05,1.6656200069984541e-07,-5.616930628976632e-06,1505.2083333333333
145,10.008316058640318,0.0011504783582208656,3.088464772888329e-08,10.00839371074745,294.5468455333855,0.0,8.375583774518746e-05,-4.291663768204822e-05,2.1324049910920374e-06,0.00637668666241207,-0.0008148548744322641,-0.00023690706083407572,0.0015512228876039585,0.00013246735411487093,0.005513722893219516,-3.6163766752491203e-05,1.9651618846135086e-06,-6.297369674855076e-06,1515.625
146,10.007934944317105,0.0010177476516612875,3.07321522461892e-08,10.008011192932786,294.5783645007786,0.0,0.00016336573511021012,-3.850160806552384e-05,1.4825620365803403e-06,0.0063073484523742725,-0.0007877431668004625,-0.00023130809431653248,0.0015232271748097975,0.0001259871339634674,0.005538416094215971,-3.920652668519249e-05,2.710626359014434e-06,-6.3560903787772845e-06,1526.0416666666665
147,10.007444171225876,0.0010617827952674917,3.047707084688557e-08,10.007519028574858,294.6097130233109,0.0,0.00022855811638068313,-3.798356805265439e-05,5.020205508746826e-07,0.006181040361611535,-0.0007674427398289855,-0.00022239511216697237,0.0014950817732502823,0.00012096230586110683,0.005563702143897987,-3.424600677018969e-05,2.505743031786058e-06,-5.604497417507059e-06,1536.4583333333333
148,10.007037248576552,0.0012120527915218484,3.01255000200052e-08,10.007111139152677,294.64091659515657,0.0,0.0002781451837267208,-4.0683675613523504e-05,-6.686370600372704e-07,0.006054006240978054,-0.0007627151877746658,-0.00021156583237461854,0.0014752262274191023,0.00011757685306880537,0.005587929864006352,-2.2360888958416223e-05,1.7074402689551212e-06,-3.952234032776233e-06,1546.875
149,10.006775564214761,0.001437391324349283,2.986027206053177e-08,10.006849092035749,294.6720900105936,0.0,0.00031434665367600754,-4.3110540184752613e-05,-2.109600329081648e-06,0.005948466167462039,-0.0007647895649551409,-0.00020072111943795665,0.0014674474902492357,0.00011437350642889059,0.00561052904680118,-1.1289508925612344e-05,6.709253960960333e-07,-1.4726772071335965e-06,1557.2916666666665
150,10.006568457725827,0.0017095748065015135,2.954314077403226e-08,10.006642001328686,294.70332200779984,0.0,0.0003360146242056283,-4.362155414565307e-05,-3.4678375209841945e-06,0.0058533634234561776,-0.0007607840705541008,-0.00019109997588129897,0.0014669713893400522,0.00010989581480950756,0.005632350745007369,-3.4872659418011954e-06,1.600926177330227e-07,1.5214528764317493e-06,1567.7083333333333
151,10.006344982135506,0.0019233703092441032,2.9359180020652866e-08,10.006418827589332,294.73461330715105,0.0,0.00034562453616592123,-4.2479713821993774e-05,-4.87252270671016e-06,0.005751241597009954,-0.0007564210506252921,-0.00018339174879090347,0.0014720280940202799,0.00010432276181608044,0.005654226499709517,1.3986203358739222e-06,1.7464543267930835e-07,4.537037850936625e-06,1578.125
152,10.006161118902924,0.002091377221336659,2.8947640978051203e-08,10.006235409656796,294.7659481655217,0.0,0.00034561431683613556,-3.925159862973173e-05,-6.58491822608038e-06,0.005631837127122725,-0.000752069369604265,-0.00017748369348911355,0.0014799134484550056,9.928105782843089e-05,0.0056758752639687665,4.60695466581426e-06,5.7224003128091255e-08,7.11166347408331e-06,1588.5416666666665
153,10.005925092894117,0.002248215808705834,2.88130856047023e-08,10.005999570989921,294.7972670299216,0.0,0.00033673885350277844,-3.359699145899595e-05,-9.299019532559239e-06,0.0054959341434404506,-0.0007407325232793596,-0.00017257891438244327,0.0014826399226914335,9.604250677339537e-05,0.005696635791149455,8.545074360846613e-06,-6.05197479422254e-07,9.069874004218986e-06,1598.9583333333333
154,10.00566956461931,0.002419046613636943,2.9044145177878552e-08,10.005743502938161,294.82853014255835,0.0,0.0003186543672476305,-2.3455358305273735e-05,-1.3289694391571494e-05,0.005354326210897455,-0.0007194382428999663,-0.00016687678497449702,0.0014708564840703023,9.466548821972545e-05,0.005716268905329224,1.413547120672449e-05,-1.5534509106944364e-06,1.0540916670820856e-05,1609.375
155,10.005398968740927,0.0025024810414615954,2.987650930665876e-08,10.005471641991416,294.85973504153446,0.0,0.00028739763313026886,-7.88200801754213e-06,-1.8012995130775377e-05,0.0052053648481103195,-0.0006925079144035753,-0.00015891787016480567,0.0014451536721238909,9.453938141400487e-05,0.005734334602043512,1.8489473680568892e-05,-1.7959629210522428e-06,1.1832992111954698e-05,1619.7916666666665
156,10.005170971330909,0.0024369278185028165,3.076515570734019e-08,10.005241623129713,294.8908663879387,0.0,0.0002275361178658084,1.2696239122771434e-05,-2.2603373104818715e-05,0.005047093383279465,-0.000657068314917786,-0.0001486191335248102,0.001405195836489906,9.508154224275155e-05,0.005750242179081757,1.5762670936961516e-05,-8.860569104146877e-07,1.3261581034139136e-05,1630.2083333333333
157,10.00518012943068,0.0022179144400527066,3.0551422556461116e-08,10.005248411706393,294.92189636824685,0.0,0.00013292475650907785,3.5916356743635046e-05,-2.6831855564149232e-05,0.0049498353520204515,-0.0006199762752585858,-0.00013691919019757679,0.0013589847873706794,9.513324760104638e-05,0.005763172075862934,1.2494026319596131e-05,1.008435293302269e-06,1.4969373806617074e-05,1640.625
158,10.00550975941919,0.0018509785391262765,3.2617867085132524e-08,10.005576130425183,294.9529245993489,0.0,2.2661582482351285e-05,5.6773081309760364e-05,-2.933962908505175e-05,0.004979458850853966,-0.0006023508941364359,-0.0001241107878507169,0.0013226179159469605,9.359272989482475e-05,0.0057710565124838905,1.4935350426647317e-05,2.789495474343826e-06,1.6960615660889545e-05,1651.0416666666665
159,10.005991788965492,0.001429192927022376,3.525664803954766e-08,10.006057393360992,294.98402653163134,0.0,-8.353168017122492e-05,7.38136592731165e-05,-2.9834479497246724e-05,0.005135340768073428,-0.0006083422342884207,-0.00011110465216432374,0.0013091482721984567,9.050053100675657e-05,0.005770325380555797,2.0342084178785368e-05,3.4318944331140697e-06,1.9257297000056054e-05,1661.4583333333333
160,10.006429562627812,0.0011287753475457529,4.0272065105010614e-08,10.00649561207024,295.01522691703707,0.0,-0.00016911627900401488,8.696035674921554e-05,-2.8335841748687804e-05,0.005398403506234489,-0.0006260819373035096,-9.922058738141318e-05,0.001319268730931739,8.540997989210612e-05,0.0057578793406844065,2.6554696322653943e-05,3.0486844412956864e-06,2.193212796244618e-05,1671.875
161,10.00671617379112,0.0009677134578871061,4.12139679108262e-08,10.006783926916802,295.0464764385806,0.0,-0.00022023715599880082,0.00010101707833698253,-2.5769339856665258e-05,0.005744715392174238,-0.0006440710627586395,-8.731389861674517e-05,0.0013540676203317211,7.799250394410397e-05,0.005732780117320603,3.366863856243081e-05,2.0537979839001683e-06,2.5120866835453975e-05,1682.2916666666665
162,10.006730535489902,0.0009941238678519918,4.232624049781086e-08,10.00680056525566,295.07780302956394,0.0,-0.0002267543674545436,0.00011807963377659055,-2.2499025110451783e-05,0.0061271391159362434,-0.0006518940866513882,-7.322676141722833e-05,0.001399768948214925,6.766907424879582e-05,0.005696092702278485,4.213937279740262e-05,1.0537648439370088e-06,2.8970669932026817e-05,1692.7083333333333
163,10.006429847805762,0.0011973223776904063,4.283228357839223e-08,10.006501752907313,295.10917408881215,0.0,-0.00019545673742527275,0.0001365285459218187,-1.919449870290124e-05,0.00649339344492901,-0.0006511784669609999,-5.649233111571427e-05,0.0014368663073902896,5.54584429634907e-05,0.0056493881604158065,5.3350827191035296e-05,3.9340358667874677e-07,3.3396528008433956e-05,1703.125
164,10.005859231485841,0.0015694982837039788,4.2919987361086164e-08,10.005932121853183,295.1405455545825,0.0,-0.00014022024595742964,0.00015573999150289417,-1.6205415375989143e-05,0.006791591332793991,-0.0006499062359508346,-3.7800091897517954e-05,0.0014554956913609522,4.3435972944706965e-05,0.005592943687631728,6.373842024163381e-05,-3.7989547567689855e-07,3.795419029193508e-05,1713.5416666666665
165,10.005164928240031,0.001996161588228866,4.272376932238778e-08,10.00523770000316,295.17183862713165,0.0,-6.922467217638058e-05,0.00017371088656001945,-1.416029599688827e-05,0.006976993335032141,-0.0006426641748377763,-1.9078258836656626e-05,0.0014515187887053109,3.349240356149144e-05,0.005527037206174682,6.638379482094051e-05,-1.2173192947674187e-06,4.192140236119824e-05,1723.9583333333333
166,10.004578031607846,0.0023240918717934555,4.226577775854841e-08,10.004649641160796,295.2030438079953,0.0,7.4741483304152544e-06,0.00019048684722698268,-1.2815278388938272e-05,0.007045146575771903,-0.0006293141449604296,-2.036218118061128e-06,0.0014268246709346756,2.669461985576868e-05,0.005454438441521798,5.668594412635478e-05,-1.3774217845705245e-06,4.45565276720642e-05,1734.375
167,10.004325782170868,0.0025492091312017914,4.176657192719554e-08,10.004395762413115,295.23414030224006,0.0,7.376115952597011e-05,0.00020397056080400522,-1.165214175565197e-05,0.007010606450828675,-0.0006141331911057511,1.2094092984152167e-05,0.001393222222379194,2.2160438004512872e-05,0.005379149489391092,3.094130070602038e-05,-8.423728416852765e-07,4.542673181714298e-05,1744.7916666666665
168,10.004401192239218,0.002838724110404481,4.112036324524148e-08,10.004470071768619,295.2652394665478,0.0,0.00011403980239257194,0.000215936879922785,-1.0352585157105735e-05,0.006894933487281712,-0.0005937848515210486,2.28347515535368e-05,0.0013697424556586531,1.9060876880922376e-05,0.005303307778309775,-6.5183200625963985e-06,1.4232222104114982e-07,4.452321047569304e-05,1755.2083333333333
169,10.004536922059422,0.003255558280397472,4.0636404285706434e-08,10.004605725229327,295.29639928455424,0.0,0.0001271540381051769,0.0002308138271038348,-9.858100521869294e-06,0.006725583700399339,-0.0005666958518550715,3.09820621020143e-05,0.0013656994516257372,1.788273158935405e-05,0.00522645837378232,-4.5346670482486754e-05,1.0452806617005818e-06,4.2156203965131955e-05,1765.625
170,10.004625123840693,0.003641028362270085,4.040418081053231e-08,10.00469473801178,295.32766757685147,0.0,0.00011356808273054123,0.00024550521869635375,-1.0103935620374565e-05,0.006539164392607254,-0.0005476460007584472,3.887349560904784e-05,0.0013792883799524406,1.7818170974062278e-05,0.005146589227007163,-7.617966614943389e-05,1.0384501254746937e-06,3.8762781042951125e-05,1776.0416666666665
171,10.004693182908024,0.003772912643296673,4.0491093121612016e-08,10.004764066985272,295.3590586075003,0.0,7.630845075960622e-05,0.0002598008333384488,-1.074751603654792e-05,0.006369797820384589,-0.0005508620456206016,4.8364051802734594e-05,0.001403631808673352,1.8874636416348717e-05,0.005061409145716376,-9.105202219303237e-05,3.171299821098305e-07,3.462487125030389e-05,1786.4583333333333
172,10.004511029067487,0.0035490715160461307,4.07085861656256e-08,10.004583175034453,295.3904996382205,0.0,2.75917874275686e-05,0.00027521627918045247,-1.1516513077166409e-05,0.006199786423121324,-0.0005797887540069161,5.817069195333832e-05,0.0014303684196588803,2.1749350301057714e-05,0.004969252387414401,-8.752116229382651e-05,-6.578490740536967e-07,2.9706053737697167e-05,1796.875
173,10.004045344609171,0.0031299520670297685,4.0658380673486916e-08,10.004118799207529,295.42180342261526,0.0,-3.3660334174858656e-05,0.0002951594516458361,-1.2451438766581637e-05,0.0060100009676223465,-0.0006208590311724084,6.724497301722125e-05,0.0014592133445315222,2.6676026337078592e-05,0.004869261241825941,-7.148410207085507e-05,-1.5624369983195296e-06,2.395361539273575e-05,1807.2916666666665
174,10.003428655787545,0.0026845587597263605,4.117532504714317e-08,10.00350400286321,295.4529720920394,0.0,-0.000104589569444774,0.00032207193570471716,-1.2893009067206424e-05,0.005820291858366976,-0.0006724585949219807,7.64846921820468e-05,0.001499612239542175,3.268086882721778e-05,0.004760444051867711,-4.974854934828241e-05,-2.045587934254148e-06,1.757857786703658e-05,1817.7083333333333
175,10.002686852877325,0.0024044178011743207,4.1839044588257343e-08,10.00276476341779,295.48410995630314,0.0,-0.00017815582873367632,0.0003504280095663508,-1.2951517015758929e-05,0.005632904757009998,-0.0007322288768389564,8.736424036321344e-05,0.0015523289308774148,3.8371414060787375e-05,0.004640411515456395,-3.125815988644649e-05,-2.284605667591471e-06,1.101246124236874e-05,1828.125
176,10.001681337323136,0.002378877548275258,4.3114951679561246e-08,10.0017618079876,295.5152900402649,0.0,-0.00026563246337662615,0.00037017968533442375,-1.190215912000443e-05,0.005444787975359042,-0.0007919123042784663,9.981012741389077e-05,0.001603489267978768,4.252114364253316e-05,0.004504906979336097,-2.1268605143082783e-05,-2.233110919435329e-06,4.84200191794991e-06,1838.5416666666665
177,10.000478145121049,0.0025765910131731514,4.295318197384439e-08,10.000560654186936,295.546466561818,0.0,-0.00038373196178087077,0.00037931600618081534,-1.0371003758894859e-05,0.0052976685059342,-0.000844184796710556,0.00011213319938452272,0.001642718034583423,4.4789382237376646e-05,0.004348777862150911,-1.591530530780529e-05,-1.952273959340948e-06,-2.5243784611540165e-07,1848.9583333333333
178,9.999287727668044,0.0028591411566474788,4.2922632561969675e-08,9.999371764447766,295.5776329164695,0.0,-0.0005336581986527102,0.00038231929056276455,-8.48786747119354e-06,0.005235804093334929,-0.0008822216195862494,0.00012293047742638607,0.0016709094528163041,4.569742967424786e-05,0.004168361105874098,-1.4086334591415606e-05,-9.92950085255444e-07,-3.746005482282719e-06,1859.375
179,9.9983955506145,0.0032304956108072584,4.232474652062292e-08,9.998480820589942,295.60876098163055,0.0,-0.0006975645823240201,0.0003811129588187035,-6.155827557109789e-06,0.005277915098963445,-0.0009063791483406087,0.00013090246337102855,0.0016925393787751417,4.524971313113809e-05,0.003962967449082574,-1.8451672562185398e-05,3.600601813936069e-07,-5.53746078669549e-06,1869.7916666666665
180,9.99792200380996,0.003539948742478824,4.202390821855103e-08,9.998008441797891,295.6399260715997,0.0,-0.0008674813764478276,0.0003796404111035888,-2.6510854899617107e-06,0.0054183160447301626,-0.0009280174552785593,0.00013358856711374826,0.0017132916675956478,4.457053891845849e-05,0.0037331054559242276,-3.1396028945254826e-05,1.834417016474265e-06,-5.980944645763966e-06,1880.2083333333333
181,9.997739034528374,0.003634467825281158,4.095662285762667e-08,9.997827053518852,295.6711519244253,0.0,-0.001042445504353298,0.0003783309347973785,1.2366013217318278e-06,0.005633929653437271,-0.0009632009087192978,0.00012976300814097148,0.0017441514964158197,4.488790172964201e-05,0.0034773062026160614,-5.817893610684709e-05,2.8941494505912315e-06,-5.578890201532343e-06,1890.625
182,9.997824104204538,0.0033887315736255367,4.018040072426335e-08,9.997914649283365,295.7025133912108,0.0,-0.0012157972242297518,0.00037221031870930465,5.231010080497467e-06,0.005928030754404707,-0.0010189243557817244,0.00012123274818967931,0.0017964669310214668,4.668503631338705e-05,0.003191675602658663,-0.00010087453209223422,3.3763068809470524e-06,-4.705767638351713e-06,1901.0416666666665
183,9.998152724492302,0.0029749801013136895,3.858857357345814e-08,9.998246824473046,295.733994541647,0.0,-0.001379224260490382,0.0003552936377951433,8.99868872238997e-06,0.006317762339237391,-0.001094565617348137,0.00010953032255678138,0.0018701826084345987,4.8972376564561113e-05,0.0028717407027572727,-0.00015322026068607546,3.373140782419754e-06,-3.640503512004581e-06,1911.4583333333333
184,9.99885362178428,0.002528971739396966,3.7315408034392586e-08,9.99895188773601,295.76548081290764,0.0,-0.0015245428299656427,0.00032754751546733974,1.244777314347921e-05,0.006837555242558385,-0.0011715406607334545,9.452798231434617e-05,0.0019561418250836106,5.135557812849554e-05,0.0025160536065235483,-0.00020307170294163834,3.50791230590729e-06,-2.55884694121144e-06,1921.875
185,10.000101477532937,0.002207921592794513,3.4733076602096974e-08,10.000204546831688,295.79684336683334,0.0,-0.0016354354118767636,0.0002955844738069464,1.406260750796218e-05,0.007539320973815154,-0.0012275556886222662,7.583991269484592e-05,0.002054189974003395,5.397039616243889e-05,0.00212871741929329,-0.00023424928710335442,4.366908895466498e-06,-1.6434570303397807e-06,1932.2916666666665
186,10.002057312743599,0.0018733513460861152,3.11667396232683e-08,10.002166131493826,295.8279348336408,0.0,-0.0016899236550321029,0.0002670863563406774,1.330653824237527e-05,0.008444881303800805,-0.0012685569730319162,5.6583006878240555e-05,0.0021710994067851855,5.59587544259912e-05,0.0017184184200959263,-0.0002400092507998091,6.308114442985923e-06,-1.0759861262724412e-06,1942.7083333333333
187,10.004872542060763,0.0014240473584029782,2.5815035431807293e-08,10.004988801699655,295.8587288935128,0.0,-0.0016602569957885976,0.0002406229627033478,1.0619380402787466e-05,0.00954749857506508,-0.001323736025364862,3.8697146624600034e-05,0.0023219482864477443,5.567180975880471e-05,0.0012977683736437077,-0.00022222408200545327,1.0840097001389185e-05,-8.074697252520629e-07,1953.125
188,10.008670606617107,0.0006321320935268288,2.0233335631768706e-08,10.0087963811381,295.88916039684824,0.0,-0.001528011742250429,0.00021009021655260277,7.3334858790759326e-06,0.010837161509574778,-0.001408677609532239,2.3943847416335726e-05,0.0025145487541644064,5.2204505891358735e-05,0.0008852270957562591,-0.00018169977088294413,1.822044207471985e-05,-6.116032975836956e-07,1963.5416666666665
189,10.013185659667467,-0.000415246450895541,1.9114684892884367e-08,10.013324281716951,295.9194660325884,0.0,-0.0012746121564895154,0.00016948221547239192,4.193147377531106e-06,0.01222667431182696,-0.0015170104253203905,1.2485920802866591e-05,0.0027728237239064302,4.384290310112793e-05,0.0005076622081552991,-0.0001221007815708227,2.636918534394415e-05,-3.527202627563311e-07,1973.9583333333333
190,10.018281001760801,-0.0016426556770929835,1.1437437139737573e-08,10.018436133610837,295.9497493121668,0.0,-0.0008932104072458161,0.00011511232324257079,1.464310362407701e-06,0.013622456250130466,-0.0016361904446945627,6.215092988498888e-06,0.00310254159529191,2.9884186892294975e-05,0.00020306498105859702,-4.7726855589080856e-05,3.1783784223590496e-05,-1.0858054521920866e-07,1984.375
191,10.02194989242516,-0.0023831738116845613,2.3515210392346075e-09,10.022121115627822,295.98142541411414,0.0,-0.00034655264846641796,4.514571120430292e-05,1.6032184200646984e-06,0.014689868612442342,-0.0017438435002205264,1.6203989154203714e-06,0.0034238503334659887,1.0872097991045246e-05,2.4226939545734726e-05,2.4805656377754924e-05,3.379424682269129e-05,-4.760010690344343e-09,1994.7916666666665
